{
  "6523247401073780": {
    "namebox": "*★᭄≛⃝𝐓𝐡e͍ 𝐁𝐮𝐝𝐝i͜͡𝐞𝐬 ❥||ㅎ",
    "status": true
  },
  "9656002224470959": {
    "namebox": "🌎😘°انــتــ الــحیــات°🦋\r\r\nʍɛʀɨ زِنٗـــ٘ـدگِــٓــی ɦǟɛɛ تُــــ٘ــوں",
    "status": true
  },
  "9877988362212996": {
    "namebox": "💜|:|ہم سے چالاکیاں|:|💜",
    "status": true
  },
  "6317700028284901": {
    "namebox": "<3 <3 𝛅α𝗸❍❍η Ꮗ❍ɽɭɗ 🫀🦋",
    "status": true
  },
  "5978188668937724": {
    "namebox": "💞ســـٓاً٘تھٔ صــٓرْفٓ تـــیِّ٘را✨🧡",
    "status": true
  },
  "5862669517176553": {
    "namebox": "✭Aᴿᴿᴼᵛ Sᵀᴬᴿ Tᴱᴬᴹ Uᴾ Gᴿᴼᵁᴾ ✭",
    "status": true
  },
  "5285525821554803": {
    "namebox": "█▬█🅳𓃮🆂︎ᴛᴀⷭᴛᷞᴜͧsᷩ ℙ𝕆𝕊𝕋 ᎮᎧᏋᏖᏒᎩ 💎🐚 Ⓓקş Ｐ𝕠ŞŤⓘηg ♨ 𝙴𝙳𝙸𝚃𝙸𝙽𝙶 💚 🐚☺ ᵍＲόᵘ𝓟 👮✋𓄂⓵𓆪࿐*",
    "status": true
  },
  "9885164091524815": {
    "namebox": "ۦۦ, Jo",
    "status": true
  },
  "6350509925012311": {
    "namebox": "💫ı'ɱ ɭı𝐤͡𝐞 ʈʜ𝐞 ɱ͜𝐨𝐨ɴ ɑɭ𝐨ɴ͡𝐞 ʙ𝐮ʈ 𝐏𝐨͡𝐰ɘɽ𝐟ʋɭ💫",
    "status": true
  },
  "6658579924203204": {
    "status": true
  },
  "6230450920386041": {
    "namebox": "༆❁ℍ𝓐𝓹𝓹𝔂 𖦹༄𝕃𝓲𝓯𝓮★ 𝔾𝓻𝓸𝓾𝓹★✫🤩😍😎",
    "status": true
  },
  "6774635529260795": {
    "namebox": "EVIL KI DUNIYA 🙆💖",
    "status": true
  },
  "9861590223858372": {
    "namebox": "Nikkami log 🤣🤧",
    "status": true
  },
  "6736085689769977": {
    "namebox": "♥️😎 ᎷᎬᎨᏁ ᎯᏬᏒ ᎿᏬᎷ ❤️‍🩹🙂",
    "status": false
  },
  "7241136412568000": {
    "namebox": "F&3*\"N\"D9 F3& 3'!9ER🥰❤️",
    "status": true
  },
  "6462567280463156": {
    "namebox": "❤️Vɪᴍᴘɪʀᴇ Pᴏɪᴛᴇʀʏ💫",
    "status": true
  },
  "6457631984351495": {
    "namebox": "zabi's Gc 🖤",
    "status": true
  },
  "7045385598807263": {
    "namebox": "♥⃝»̶̶͓͓͓̽̽̽ꔹ⃟ꔹ⃟ꕀ⃘⃜⃟ؖؖؖؖؖؖؖؖؖꙮ͌͌͌͌͌͌͌͌͌͌͌͌͌͌ ⑅⃝»̶̶͓͓͓̽̽̽»̶̶͓͓͓̽̽̽Friends Clubꕀ⃘⃜⃟ؖؖؖؖؖؖؖؖؖꙮ͌͌͌͌͌͌͌͌͌͌",
    "status": true
  },
  "6145930252141966": {
    "namebox": "🥀🦋kømál Kî hàwâlî 🦋🥀",
    "status": true
  },
  "6424860387590956": {
    "status": true
  },
  "9823057751102591": {
    "namebox": "༒︎☞︎𝑷𝑨𝑮𝑨𝑳 𝑻𝑯𝑨𝑹𝑲𝑰☜︎༒︎",
    "status": true
  },
  "9929852980389350": {
    "status": true
  },
  "6417969568283020": {
    "status": true
  },
  "5732621753485094": {
    "namebox": "🔥musti group ❤️",
    "status": true
  },
  "4333776523310503": {
    "namebox": "🥀مـْْْْـ٘٘٘ــْْْْـْْ٘٘ـؔـؔــْْْریـْْْْـ٘٘٘ــْْ٘٘ـؔـؔــْْْض عشـْْـ٘٘٘ــْْْْـْْ٘٘ـؔــͪــᷤــͥق🥀😍",
    "status": true
  },
  "6358841404206942": {
    "status": true
  },
  "5095357627257775": {
    "namebox": "༒𒆜 ࿌๖ۣۜ🦋🍫Bₑₛₜᵢₑ ₖₐ Dₑᵣₐ࿌😋🍫𒆜༒",
    "status": true
  },
  "6556476194398914": {
    "namebox": "❤️ यह रिश्ता क्या कहलाता है ❤️",
    "status": true
  },
  "5390844697640306": {
    "namebox": "👑تیرے_______بن👑",
    "status": true
  },
  "6167532740004387": {
    "namebox": "✿🔰دلــٓـــٓــــٓــــٓـــٓـــکـــٓـــٓــــٓــــٓـش✿ 🖤🥀🍃♦️💯✧══════•❁❀❁•══════✧",
    "status": true
  },
  "24553630364236290": {
    "namebox": "♥️❥━➸➽Lôvè méïñ twīst✧💙✧❣️✧💙\n┊⇣❥\n⇣❥\n❥❥━──➸➽♥️⚫🔴​❖♥❖🔴⚫",
    "status": true
  },
  "5855688741200682": {
    "namebox": "💓😜 میرے ہمسفر 🥰☺️😋❤️‍🩹",
    "status": true
  },
  "6443708432342975": {
    "status": true
  },
  "9475263369212674": {
    "status": true
  },
  "6422742241128133": {
    "status": true
  },
  "4410759172376568": {
    "namebox": "HAWELI🏘ʏᴀᴀʀᴀɴ☠︎︎DI",
    "status": true
  },
  "6161535190629588": {
    "status": true
  },
  "4157517300970817": {
    "namebox": "🎊i͜͡l͜͡l͜͡u͜͡ i͜͡l͜͡l͜͡u͜͡ K͜͡a͜͡r͜͡t͜͡a͜͡ H͜͡i͜͡ Y͜͡e͜͡ D͜͡i͜͡l͜͡🎊",
    "status": true
  },
  "7183359361692257": {
    "status": true
  },
  "6954002541316441": {
    "status": true
  },
  "6389156167805610": {
    "status": true
  },
  "5505770889544097": {
    "status": true
  },
  "5712146638896420": {
    "status": true
  },
  "6545165365573309": {
    "status": true
  },
  "6555538934469053": {
    "status": true
  },
  "5676147919083148": {
    "namebox": "➪♪❀\"𝘿𝙥𝐙 𝑷Ø𝙎𝙩𝙞𝙣𝙂❦︎☂︎☺︎︎シ︎🧸👑",
    "status": true
  },
  "6448184421937667": {
    "status": true
  },
  "5560095524098130": {
    "status": true
  },
  "6659319714147599": {
    "status": true
  },
  "6546471705382038": {
    "status": true
  },
  "6155221297925655": {
    "status": true
  },
  "6990182247769694": {
    "namebox": "کـؔـــؔــارٹــٖٜ۬ـٰٜ۬ـٖٜ۬ــٖٜ۬ـٰٜ۬ـٖٜ۬ون  کــی حــویـؔــؔـلی😘♥",
    "status": true
  },
  "6246752568756133": {
    "status": true
  },
  "6231958603547664": {
    "status": true
  },
  "9974691665936870": {
    "namebox": "🥀💞 ᎰᏒᎬᎨᏁᎠᏕ ᎰᎾᏒᎬᏉᎬᏒ ❣️💞",
    "status": true
  },
  "24578411195136386": {
    "status": true
  },
  "6287395154701661": {
    "namebox": "عیـ᪵ـ͝ــ֯ـا ن کـــــ͜ـؔــــا  آشیـــــ͜ـؔــــــانـــ͜ـؔـــــہ",
    "status": true
  },
  "6429752793749047": {
    "namebox": "💜⃝𓆩ᥫ᭡𓆪 ͼΉατ + Рөєтяү Ɠɽ❍ʋρ👑⃝",
    "status": true
  },
  "5770662502978044": {
    "namebox": "🥰F̆̈r̆̈ĭ̈ĕ̈n̆̈D̆̈s̆̈ F̆̈ŏ̈r̆̈evĕ̈r̆̈🥰",
    "status": true
  },
  "3254296987967529": {
    "status": true
  },
  "6163766197058735": {
    "status": true
  },
  "9857815144291771": {
    "status": true
  },
  "6757771940933699": {
    "namebox": "BoT DaTaBase",
    "status": false
  },
  "5953266591466737": {
    "status": true
  },
  "6232349323481538": {
    "status": true
  },
  "6725420440867303": {
    "status": true
  },
  "9189491864425085": {
    "status": true
  },
  "6475152425853565": {
    "status": true
  },
  "5621937741253763": {
    "status": true
  },
  "7327893017224885": {
    "status": true
  },
  "6636094953080627": {
    "status": true
  },
  "7427680163914625": {
    "status": true
  },
  "6455146557912832": {
    "status": true
  },
  "6704876056236524": {
    "status": true
  },
  "6467775526676425": {
    "status": true
  },
  "6613149572097660": {
    "status": true
  },
  "6173884336053951": {
    "status": true
  },
  "5701160709974289": {
    "status": true
  },
  "5430257273692689": {
    "namebox": "°🐰°🍒─┼●𝒃𝒖𝒅𝒅𝒚─┼●🍒°🐰°",
    "status": true
  },
  "6678979302148045": {
    "status": true
  },
  "6562641297184670": {
    "status": true
  },
  "6098311460289094": {
    "status": true
  },
  "6297512493688645": {
    "status": true
  },
  "6645109995524560": {
    "status": true
  },
  "9945298045545419": {
    "status": true
  },
  "5971252086275030": {
    "status": true
  },
  "6707662352614088": {
    "status": true
  },
  "6696486947132105": {
    "status": true
  },
  "6554237227987313": {
    "status": true
  },
  "6392490480846644": {
    "status": true
  },
  "7236855399677040": {
    "status": true
  },
  "9816933981665984": {
    "namebox": "*★᭄≛⃝ 𝐀𝐓𝐅 𝐓𝐄𝐀𝐌 ❥󱢏||ㅎ",
    "status": true
  },
  "6686760601359035": {
    "status": true
  }
}