[
    {
        "threadID": "7327893017224885",
        "shortcuts": [
            {
                "id": "aHPkguQwEZ",
                "input": "Noor",
                "output": "are Aap Us Noor E Hayat Ki baaat Kr Rahe Na Jo hadi ke Group me hoti 😃 \nMoti Si Hai Wo bandriii Type"
            },
            {
                "id": "mfTZFnFSXU",
                "input": "Bot",
                "output": "Bot Bot Na Kro mere Boss Anees Ko Bura Lagta Aap Music ka Bolo Na Ya koi Sawaal karo Na Mujse 😐 Fazool.me bot bot na Kro Mera Malik Anees muje buht maaarta hai 🙂🥀"
            },
            {
                "id": "dnptbeTCXA",
                "input": "Inaya",
                "output": "pyaaari Si Larki 🤗 \nKhoobsorat si aaankhen 😊 \nHayyy Bot Khood Deewana Hai Uska 😅"
            },
            {
                "id": "nDwDvBncQu",
                "input": "Chuza",
                "output": "Chuza Ek larka hai Lambe baalon Aur lambe daaanto waala 🙂"
            },
            {
                "id": "vvPTDCHSAP",
                "input": "haadi",
                "output": "oooye Haadi Daadi Muje Remove na kro me just fun krta hu yaar 😒🥺"
            },
            {
                "id": "VBYxihUFhf",
                "input": "Anees",
                "output": "Anees wohi naaa barry munh wala manhood"
            },
            {
                "id": "NzmVpsMcrQ",
                "input": "Akbar",
                "output": "Wohi bharwa jo bar bar mujhe kick krta ib tapak esy dekhta mei"
            },
            {
                "id": "VmpSgZFMTb",
                "input": "Ashu",
                "output": "Abey Wo Anees ki  Boss Hai 🥺 \nBut Anees ko sallery nai Deti"
            },
            {
                "id": "CGQBKywjvW",
                "input": "Aneees",
                "output": "Yeh to saala mera boss hy baandar ki shakal wala"
            }
        ]
    },
    {
        "threadID": "5953266591466737",
        "shortcuts": [
            {
                "id": "HfeZLmVRnz",
                "input": "Bot",
                "output": "bot bot na kro mere boss Anees  ko acha ni lgta 🙂🥀"
            }
        ]
    },
    {
        "threadID": "6736085689769977",
        "shortcuts": []
    },
    {
        "threadID": "6613149572097660",
        "shortcuts": [
            {
                "id": "rfFdwLjonE",
                "input": "Anees",
                "output": "*uns"
            },
            {
                "id": "UFqUUMjJJJ",
                "input": "Hina",
                "output": "BAT NAII KAR ISSA YE BATMEEZ HAI GALIUA DEGII 🙂🤝🏿"
            },
            {
                "id": "UhCupgQwWY",
                "input": "I love you",
                "output": "Ja ja tur ja DFA ho ja WDA Aya ashiq 🙂🤝🏾"
            },
            {
                "id": "kiekPxwQJk",
                "input": "@Mishal Raani",
                "output": "Cute kurii ❤️"
            },
            {
                "id": "bMMTjxqiOx",
                "input": "Mishal",
                "output": "KITNE KHRB post KARTII hai ye 🙂🤝🏾"
            }
        ]
    },
    {
        "threadID": "6645109995524560",
        "shortcuts": []
    }
]