{
    "6523247401073780": "*★᭄≛⃝𝐓𝐡e͍ 𝐁𝐮𝐝𝐝i͜͡𝐞𝐬 ❥||ㅎ",
    "6774635529260795": "EVIL KI DUNIYA 🙆💖",
    "6869281806437223": "☆ - सिर्फ़ तुम ♡",
    "9151802674860308": "𝑴𝑨𝑺𝑶𝑶𝑴 𝑩𝑨𝑪𝑯𝑶 𝑲𝑨 𝑮𝑹𝑶𝑼𝑷😁😌",
    "6162131353908276": "GR0U0 KH4T4M °|💔🙂👀",
    "9885164091524815": "ۦۦ, Jo",
    "6317700028284901": "‎‎「 𓆩⃝𓆩𝛅α𝗸❍❍η Ꮗ❍ɽɭɗ ๏」「⸙」°•¬ꜛ↑ —ː › › 🩷 🪽",
    "6736085689769977": "♥️😎 Ɍιδα Ƙι Ηαwεℓι ❤️‍🩹🙂",
    "5855688741200682": "Group Khatam",
    "9861590223858372": "Best friends forever 🥰",
    "7183359361692257": "*ادھــﹻ۬ﹻۧ۬ﹻٰ۬ﹻٰ۬ﹻۧ۬ﹻ۬ﹻﹻ۬ﹻۧ۬ﹻٰ۬ﹻٰ۬ﹻۧ۬ﹻ۬ـورا ؏ــّْ͢ــشـ❥ــﹻ۬ﹻۧ۬ﹻٰ۬ﹻٰ۬ﹻۧ۬ﹻ۬ﹻﹻ۬ﹻۧ۬ﹻٰ۬ﹻٰ۬ﹻۧ۬ﹻ۬ــق🖤",
    "6725420440867303": "opeN Minded 😉😛",
    "6287395154701661": "❂♥️᭄❮❥Ä¥åñ Hðmê❤️⃟⃟◍̸̸̸̸̣̣̣❀😈🤟🏻",
    "6475152425853565": "❣️🌍👑MY WORLD👑🌍❣️",
    "7327893017224885": "Hadi 💖Mani👀💖Ki 😌hawli 😍💖",
    "6678979302148045": "likho's robots .",
    "6455146557912832": "💫❤️ Chatting Group  💫❤️",
    "9945298045545419": "TesT",
    "6757771940933699": "BoT DaTaBase"
}